epoch,train_loss,val_loss
1,1.1210563501973791,2.15743977383331
2,1.0297422160313825,2.0736449703022286
3,0.9827969743041541,2.0167833787423595
4,0.9502570765224967,1.969885257659135
5,0.9216217675546962,1.9287048103632751
