epoch,train_loss,val_loss
1,0.9780272342264652,1.9126450665295125
2,0.8465571771326817,1.8250249166041612
3,0.7972228244731301,1.756404847279191
4,0.7673978731428323,1.6977281894534826
5,0.7497215446280806,1.6727081380784512
