epoch,train_loss,val_loss
1,1.0799352540781624,2.0970934361219404
